Age,90NJune,60NJune,30NJune,0 June,30SJune,60SJune,90SJune
0,523.3,475.95,473.93,384.08,212.28,22.76,0
-1,525.28,476.99,473.77,383.21,211.13,22.09,0
-2,528.91,479.55,475.14,383.58,210.69,21.5,0
-3,534.08,483.54,477.99,385.18,210.95,21.01,0
-4,540.56,488.77,482.12,387.87,211.84,20.63,0
-5,547.95,494.88,487.23,391.4,213.26,20.35,0
-6,555.73,501.44,492.9,395.46,215.03,20.16,0
-7,563.34,507.93,498.66,399.69,216.99,20.06,0
-8,570.15,513.81,503.99,403.7,218.92,20.05,0
-9,575.59,518.58,508.44,407.12,220.65,20.1,0
-10,579.16,521.8,511.6,409.65,222.02,20.23,0
-11,580.52,523.16,513.16,411.04,222.9,20.41,0
-12,579.49,522.5,512.98,411.18,223.24,20.65,0
-13,576.09,519.85,511.06,410.07,223.01,20.94,0
-14,570.53,515.37,507.55,407.82,222.28,21.28,0
-15,563.18,509.39,502.75,404.63,221.16,21.66,0
-16,554.57,502.37,497.05,400.83,219.77,22.1,0
-17,545.27,494.81,490.94,396.76,218.3,22.59,0
-18,535.91,487.24,484.89,392.79,216.94,23.13,0
-19,527.06,480.18,479.38,389.28,215.85,23.74,0
-20,519.25,474.08,474.82,386.54,215.19,24.4,0
-21,512.87,469.28,471.52,384.81,215.08,25.12,0
-22,508.21,466.01,469.69,384.24,215.59,25.88,0
-23,505.4,464.38,469.41,384.87,216.71,26.69,0
-24,504.44,464.36,470.63,386.64,218.41,27.5,0
-25,505.21,465.83,473.17,389.41,220.57,28.31,0
-26,507.46,468.53,476.77,392.92,223.04,29.05,0
-27,510.89,472.15,481.09,396.87,225.64,29.7,0
-28,515.14,476.34,485.73,400.93,228.16,30.22,0
-29,519.83,480.75,490.31,404.77,230.39,30.56,0
-30,524.61,485.02,494.47,408.07,232.16,30.69,0
-31,529.18,488.89,497.92,410.61,233.33,30.6,0
-32,533.29,492.13,500.45,412.22,233.81,30.29,0
-33,536.79,494.63,501.97,412.82,233.57,29.75,0
-34,539.61,496.33,502.45,412.43,232.65,29.02,0
-35,541.72,497.27,501.97,411.13,231.11,28.12,0
-36,543.19,497.53,500.66,409.06,229.06,27.11,0
-37,544.11,497.24,498.69,406.4,226.63,26.02,0
-38,544.6,496.53,496.27,403.35,223.97,24.9,0
-39,544.77,495.56,493.58,400.09,221.2,23.78,0
-40,544.74,494.47,490.82,396.8,218.45,22.7,0
-41,544.63,493.36,488.13,393.63,215.82,21.7,0
-42,544.51,492.35,485.67,390.73,213.41,20.79,0
-43,544.47,491.51,483.53,388.19,211.29,19.98,0
-44,544.57,490.92,481.81,386.1,209.52,19.31,0
-45,544.87,490.63,480.59,384.54,208.16,18.76,0
-46,545.4,490.69,479.92,383.55,207.22,18.36,0
-47,546.2,491.12,479.85,383.18,206.75,18.09,0
-48,547.3,491.95,480.4,383.45,206.75,17.98,0
-49,548.7,493.19,481.57,384.37,207.22,18,0
-50,550.38,494.82,483.36,385.93,208.17,18.18,0
-51,552.31,496.8,485.73,388.08,209.57,18.49,0
-52,554.41,499.07,488.58,390.76,211.37,18.93,0
-53,556.57,501.5,491.81,393.87,213.52,19.5,0
-54,558.62,503.97,495.25,397.27,215.94,20.19,0
-55,560.39,506.28,498.72,400.79,218.52,20.97,0
-56,561.67,508.24,501.97,404.24,221.14,21.83,0
-57,562.22,509.63,504.77,407.39,223.66,22.74,0
-58,561.82,510.23,506.86,410.02,225.95,23.67,0
-59,560.31,509.84,508.02,411.92,227.86,24.6,0
-60,557.54,508.33,508.05,412.92,229.28,25.48,0
-61,553.47,505.61,506.83,412.87,230.1,26.3,0
-62,548.12,501.7,504.33,411.74,230.27,27.01,0
-63,541.67,496.69,500.62,409.55,229.79,27.59,0
-64,534.34,490.8,495.88,406.41,228.7,28.05,0
-65,526.5,484.33,490.37,402.55,227.11,28.36,0
-66,518.57,477.63,484.45,398.24,225.16,28.54,0
-67,511,471.15,478.54,393.81,223.04,28.61,0
-68,504.28,465.3,473.08,389.62,220.94,28.58,0
-69,498.87,460.51,468.5,386.03,219.07,28.48,0
-70,495.16,457.15,465.18,383.35,217.6,28.33,0
-71,493.47,455.53,463.43,381.85,216.7,28.17,0
-72,494.01,455.83,463.46,381.7,216.45,28,0
-73,496.86,458.13,465.34,382.96,216.91,27.83,0
-74,501.96,462.38,469.04,385.61,218.06,27.67,0
-75,509.1,468.4,474.36,389.49,219.82,27.51,0
-76,517.93,475.87,481,394.36,222.04,27.33,0
-77,527.97,484.36,488.53,399.86,224.54,27.12,0
-78,538.65,493.35,496.42,405.58,227.09,26.86,0
-79,549.31,502.24,504.1,411.05,229.45,26.53,0
-80,559.25,510.44,510.99,415.83,231.37,26.11,0
-81,567.81,517.34,516.53,419.48,232.62,25.6,0
-82,574.42,522.46,520.26,421.63,233.05,25,0
-83,578.63,525.42,521.84,422.06,232.52,24.31,0
-84,580.17,525.98,521.09,420.64,231.01,23.54,0
-85,578.98,524.14,518.05,417.41,228.55,22.73,0
-86,575.23,520.05,512.89,412.56,225.28,21.89,0
-87,569.26,514.07,506,406.41,221.37,21.07,0
-88,561.63,506.67,497.89,399.38,217.08,20.28,0
-89,553,498.49,489.18,391.97,212.68,19.57,0
-90,544.11,490.18,480.53,384.73,208.47,18.96,0
-91,535.7,482.41,472.59,378.18,204.75,18.48,0
-92,528.47,475.82,466,372.81,201.76,18.15,0
-93,523.02,470.94,461.26,369.05,199.75,17.99,0
-94,519.82,468.19,458.79,367.21,198.88,18.01,0
-95,519.16,467.83,458.85,367.51,199.27,18.23,0
-96,521.13,469.96,461.52,370.01,200.95,18.64,0
-97,525.62,474.46,466.7,374.64,203.89,19.26,0
-98,532.28,481.04,474.11,381.18,207.97,20.07,0
-99,540.58,489.22,483.28,389.24,212.99,21.07,0
-100,549.79,498.34,493.54,398.3,218.65,22.21,0
-101,559.03,507.6,504.11,407.7,224.59,23.46,0
-102,567.36,516.12,514.07,416.7,230.39,24.77,0
-103,573.84,523.04,522.52,424.54,235.6,26.08,0
-104,577.62,527.54,528.61,430.49,239.8,27.31,0
-105,578.09,529.03,531.67,433.97,242.62,28.39,0
-106,574.92,527.14,531.26,434.58,243.8,29.25,0
-107,568.13,521.86,527.3,432.19,243.23,29.85,0
-108,558.12,513.5,520.03,426.98,240.97,30.15,0
-109,545.61,502.68,510.05,419.4,237.24,30.17,0
-110,531.61,490.31,498.23,410.15,232.42,29.92,0
-111,517.28,477.43,485.62,400.08,226.99,29.46,0
-112,503.79,465.15,473.35,390.11,221.46,28.85,0
-113,492.29,454.51,462.49,381.14,216.35,28.17,0
-114,483.71,446.39,453.95,373.93,212.1,27.48,0
-115,478.79,441.48,448.45,369.07,209.06,26.83,0
-116,477.97,440.2,446.42,366.94,207.44,26.26,0
-117,481.39,442.69,448.01,367.66,207.32,25.79,0
-118,488.9,448.81,453.09,371.12,208.64,25.41,0
-119,500.04,458.15,461.23,376.98,211.21,25.1,0
-120,514.09,470.05,471.79,384.71,214.75,24.83,0
-121,530.08,483.65,483.91,393.64,218.87,24.58,0
-122,546.88,497.92,496.61,402.97,223.17,24.31,0
-123,563.27,511.8,508.85,411.89,227.22,24,0
-124,578.05,524.24,519.64,419.64,230.61,23.63,0
-125,590.16,534.29,528.12,425.56,233.04,23.2,0
-126,598.77,541.25,533.67,429.19,234.28,22.71,0
-127,603.35,544.69,535.9,430.27,234.23,22.18,0
-128,603.73,544.48,534.76,428.77,232.9,21.63,0
-129,600.11,540.81,530.47,424.91,230.42,21.1,0
-130,592.98,534.14,523.51,419.07,227.02,20.6,0
-131,583.11,525.15,514.56,411.81,223,20.17,0
-132,571.38,514.66,504.38,403.74,218.69,19.83,0
-133,558.78,503.52,493.82,395.5,214.43,19.6,0
-134,546.23,492.56,483.65,387.71,210.53,19.5,0
-135,534.58,482.52,474.57,380.93,207.28,19.56,0
-136,524.52,474.01,467.16,375.57,204.9,19.76,0
-137,516.54,467.48,461.82,371.97,203.55,20.14,0
-138,510.96,463.19,458.8,370.3,203.31,20.68,0
-139,507.89,461.23,458.17,370.61,204.22,21.38,0
-140,507.28,461.55,459.84,372.83,206.21,22.24,0
-141,508.88,463.92,463.6,376.75,209.16,23.22,0
-142,512.37,468.02,469.08,382.07,212.89,24.29,0
-143,517.3,473.42,475.81,388.4,217.17,25.43,0
-144,523.14,479.62,483.29,395.29,221.72,26.56,0
-145,529.38,486.11,490.95,402.26,226.26,27.66,0
-146,535.5,492.4,498.25,408.84,230.5,28.64,0
-147,541.05,498.03,504.7,414.61,234.17,29.47,0
-148,545.63,502.62,509.87,419.19,237.06,30.09,0
-149,548.99,505.91,513.49,422.33,238.99,30.47,0
-150,550.94,507.73,515.35,423.88,239.88,30.6,0
-151,551.45,508.03,515.43,423.8,239.71,30.46,0
-152,550.55,506.87,513.79,422.16,238.52,30.08,0
-153,548.38,504.39,510.6,419.11,236.41,29.48,0
-154,545.16,500.82,506.12,414.89,233.54,28.7,0
-155,541.15,496.43,500.67,409.77,230.09,27.78,0
-156,536.63,491.51,494.58,404.08,226.26,26.77,0
-157,531.94,486.39,488.23,398.13,222.26,25.72,0
-158,527.39,481.4,481.98,392.26,218.28,24.66,0
-159,523.31,476.85,476.18,386.76,214.53,23.65,0
-160,520.02,473.06,471.17,381.93,211.17,22.71,0
-161,517.79,470.28,467.25,378.02,208.35,21.86,0
-162,516.88,468.77,464.66,375.24,206.22,21.13,0
-163,517.49,468.7,463.6,373.77,204.86,20.54,0
-164,519.75,470.2,464.21,373.71,204.34,20.08,0
-165,523.7,473.32,466.54,375.12,204.69,19.78,0
-166,529.3,478,470.55,377.96,205.9,19.62,0
-167,536.38,484.12,476.1,382.13,207.91,19.6,0
-168,544.66,491.4,482.97,387.45,210.64,19.72,0
-169,553.73,499.5,490.78,393.63,213.92,19.96,0
-170,563.08,507.95,499.11,400.33,217.57,20.31,0
-171,572.1,516.21,507.42,407.11,221.36,20.75,0
-172,580.13,523.67,515.11,413.51,225.04,21.26,0
-173,586.5,529.74,521.6,419.04,228.34,21.81,0
-174,590.6,533.84,526.31,423.24,231.01,22.37,0
-175,591.93,535.54,528.78,425.74,232.82,22.91,0
-176,590.16,534.51,528.69,426.24,233.61,23.41,0
-177,585.2,530.65,525.89,424.61,233.28,23.85,0
-178,577.21,524.09,520.46,420.91,231.86,24.21,0
-179,566.59,515.16,512.72,415.36,229.43,24.48,0
-180,553.96,504.42,503.17,408.33,226.19,24.68,0
-181,540.14,492.58,492.49,400.38,222.42,24.81,0
-182,526.04,480.46,481.47,392.11,218.44,24.89,0
-183,512.61,468.9,470.94,384.21,214.63,24.97,0
-184,500.75,458.73,461.71,377.3,211.33,25.06,0
-185,491.26,450.66,454.51,371.99,208.88,25.22,0
-186,484.78,445.29,449.91,368.75,207.52,25.46,0
-187,481.73,443,448.32,367.91,207.46,25.81,0
-188,482.35,444,449.95,369.63,208.77,26.27,0
-189,486.59,448.25,454.74,373.88,211.45,26.85,0
-190,494.18,455.5,462.44,380.43,215.35,27.52,0
-191,504.61,465.25,472.54,388.86,220.23,28.24,0
-192,517.13,476.8,484.29,398.54,225.73,28.95,0
-193,530.81,489.29,496.81,408.73,231.4,29.6,0
-194,544.57,501.72,509.05,418.58,236.77,30.1,0
-195,557.34,513.06,519.99,427.2,241.32,30.39,0
-196,568.05,522.37,528.63,433.81,244.61,30.42,0
-197,575.84,528.85,534.21,437.77,246.29,30.15,0
-198,580.11,531.96,536.2,438.67,246.15,29.57,0
-199,580.56,531.48,534.42,436.39,244.14,28.7,0
-200,577.31,527.54,529.04,431.11,240.39,27.58,0
-201,570.78,520.58,520.58,423.28,235.19,26.28,0
-202,561.7,511.31,509.8,413.56,228.94,24.86,0
-203,551.04,500.63,497.64,402.76,222.12,23.42,0
-204,539.84,489.53,485.15,391.73,215.23,22.01,0
-205,529.18,479,473.33,381.32,208.74,20.71,0
-206,520.04,469.93,463.09,372.27,203.07,19.57,0
-207,513.25,463.1,455.19,365.2,198.57,18.61,0
-208,509.46,459.07,450.21,360.57,195.48,17.86,0
-209,509.05,458.2,448.5,358.66,193.97,17.34,0
-210,512.19,460.62,450.19,359.58,194.09,17.05,0
-211,518.76,466.24,455.19,363.27,195.81,16.98,0
-212,528.38,474.72,463.19,369.48,199,17.14,0
-213,540.42,485.52,473.68,377.82,203.46,17.5,0
-214,554.04,497.87,485.92,387.71,208.9,18.06,0
-215,568.18,510.84,499.05,398.48,214.97,18.79,0
-216,581.66,523.4,512.06,409.33,221.23,19.66,0
-217,593.3,534.47,523.91,419.44,227.26,20.66,0
-218,601.95,543.02,533.58,427.98,232.61,21.72,0
-219,606.68,548.21,540.21,434.25,236.87,22.81,0
-220,606.85,549.43,543.14,437.69,239.71,23.88,0
-221,602.21,546.41,542.04,437.99,240.93,24.88,0
-222,592.94,539.26,536.92,435.1,240.45,25.76,0
-223,579.63,528.47,528.18,429.28,238.36,26.49,0
-224,563.24,514.84,516.53,421.05,234.91,27.06,0
-225,544.99,499.44,502.96,411.18,230.46,27.46,0
-226,526.26,483.48,488.62,400.55,225.49,27.72,0
-227,508.43,468.18,474.71,390.13,220.49,27.87,0
-228,492.75,454.7,462.36,380.82,215.98,27.96,0
-229,480.29,443.99,452.55,373.43,212.4,28.04,0
-230,471.84,436.77,446.02,368.56,210.1,28.15,0
-231,467.87,433.5,443.22,366.6,209.29,28.32,0
-232,468.54,434.32,444.31,367.66,210.05,28.55,0
-233,473.68,439.06,449.12,371.62,212.28,28.84,0
-234,482.83,447.28,457.2,378.08,215.78,29.14,0
-235,495.23,458.29,467.8,386.44,220.18,29.41,0
-236,509.89,471.16,479.99,395.91,225.04,29.58,0
-237,525.66,484.84,492.69,405.6,229.86,29.6,0
-238,541.33,498.22,504.8,414.64,234.14,29.42,0
-239,555.72,510.27,515.31,422.19,237.45,29,0
-240,567.81,520.08,523.36,427.62,239.46,28.35,0
-241,576.85,527.03,528.4,430.5,239.97,27.47,0
-242,582.39,530.78,530.17,430.69,238.97,26.41,0
-243,584.36,531.3,528.74,428.3,236.55,25.23,0
-244,583,528.87,524.46,423.68,232.97,23.98,0
-245,578.81,524,517.93,417.33,228.52,22.74,0
-246,572.53,517.38,509.86,409.88,223.6,21.55,0
-247,564.95,509.74,501.03,401.96,218.55,20.48,0
-248,556.9,501.83,492.19,394.21,213.74,19.55,0
-249,549.12,494.34,484.01,387.14,209.45,18.78,0
-250,542.25,487.81,477.04,381.21,205.92,18.21,0
-251,536.73,482.66,471.67,376.71,203.3,17.83,0
-252,532.86,479.12,468.12,373.82,201.69,17.65,0
-253,530.74,477.3,466.48,372.59,201.11,17.66,0
-254,530.32,477.13,466.68,372.97,201.52,17.86,0
-255,531.42,478.45,468.53,374.81,202.83,18.23,0
-256,533.73,480.98,471.77,377.88,204.91,18.76,0
-257,536.89,484.39,476.06,381.9,207.61,19.43,0
-258,540.52,488.32,481.01,386.55,210.75,20.22,0
-259,544.23,492.42,486.26,391.54,214.15,21.1,0
-260,547.68,496.35,491.45,396.54,217.62,22.05,0
-261,550.57,499.84,496.28,401.29,221,23.03,0
-262,552.69,502.66,500.49,405.58,224.14,24.02,0
-263,553.91,504.69,503.9,409.22,226.94,24.98,0
-264,554.19,505.83,506.39,412.1,229.3,25.89,0
-265,553.51,506.07,507.91,414.14,231.15,26.71,0
-266,551.93,505.42,508.43,415.31,232.47,27.43,0
-267,549.53,503.94,507.98,415.59,233.21,28.03,0
-268,546.39,501.68,506.59,415.02,233.39,28.48,0
-269,542.63,498.72,504.32,413.61,233.01,28.79,0
-270,538.32,495.15,501.25,411.44,232.08,28.94,0
-271,533.6,491.06,497.47,408.56,230.67,28.94,0
-272,528.6,486.58,493.11,405.1,228.81,28.8,0
-273,523.48,481.87,488.35,401.19,226.61,28.53,0
-274,518.44,477.12,483.38,397.01,224.16,28.14,0
-275,513.74,472.58,478.46,392.78,221.59,27.67,0
-276,509.64,468.5,473.89,388.74,219.07,27.13,0
-277,506.47,465.19,469.98,385.18,216.75,26.57,0
-278,504.52,462.94,467.04,382.35,214.78,26.01,0
-279,504.09,462.02,465.37,380.51,213.33,25.47,0
-280,505.4,462.66,465.2,379.85,212.49,24.97,0
-281,508.61,465.01,466.68,380.51,212.37,24.53,0
-282,513.76,469.1,469.87,382.53,212.99,24.17,0
-283,520.75,474.85,474.68,385.86,214.31,23.87,0
-284,529.33,482.05,480.92,390.33,216.26,23.63,0
-285,539.11,490.33,488.24,395.67,218.68,23.45,0
-286,549.55,499.23,496.16,401.51,221.39,23.3,0
-287,560,508.14,504.13,407.39,224.13,23.17,0
-288,569.72,516.44,511.52,412.84,226.66,23.05,0
-289,578,523.46,517.72,417.36,228.72,22.9,0
-290,584.15,528.62,522.15,420.52,230.07,22.73,0
-291,587.64,531.44,524.38,421.96,230.55,22.52,0
-292,588.14,531.62,524.12,421.49,230.05,22.28,0
-293,585.52,529.08,521.32,419.05,228.56,22,0
-294,579.97,523.97,516.14,414.79,226.15,21.7,0
-295,571.89,516.67,508.94,409,222.99,21.39,0
-296,561.92,507.74,500.29,402.14,219.33,21.11,0
-297,550.83,497.9,490.87,394.75,215.46,20.86,0
-298,539.5,487.91,481.45,387.43,211.7,20.69,0
-299,528.8,478.56,472.76,380.78,208.37,20.61,0
-300,519.51,470.57,465.52,375.36,205.77,20.66,0
-301,512.3,464.52,460.29,371.62,204.14,20.85,0
-302,507.67,460.85,457.52,369.92,203.69,21.2,0
-303,505.88,459.83,457.44,370.44,204.49,21.72,0
-304,507,461.49,460.09,373.21,206.59,22.42,0
-305,510.83,465.67,465.3,378.1,209.89,23.28,0
-306,516.98,471.99,472.7,384.79,214.21,24.27,0
-307,524.84,479.89,481.69,392.8,219.27,25.37,0
-308,533.63,488.65,491.54,401.5,224.73,26.51,0
-309,542.48,497.45,501.39,410.18,230.15,27.64,0
-310,550.49,505.42,510.34,418.07,235.09,28.68,0
-311,556.83,511.78,517.54,424.46,239.12,29.55,0
-312,560.81,515.87,522.28,428.74,241.87,30.19,0
-313,561.99,517.25,524.09,430.48,243.1,30.55,0
-314,560.23,515.76,522.78,429.54,242.67,30.59,0
-315,555.69,511.56,518.49,425.99,240.65,30.32,0
-316,548.84,505.07,511.65,420.2,237.23,29.76,0
-317,540.38,496.95,502.94,412.74,232.75,28.96,0
-318,531.17,487.99,493.19,404.31,227.61,27.99,0
-319,522.13,479.09,483.33,395.68,222.27,26.91,0
-320,514.15,471.07,474.23,387.6,217.16,25.8,0
-321,508.01,464.67,466.66,380.7,212.66,24.72,0
-322,504.34,460.49,461.24,375.5,209.07,23.72,0
-323,503.53,458.89,458.36,372.35,206.59,22.83,0
-324,505.76,460.06,458.21,371.4,205.33,22.07,0
-325,510.96,463.95,460.76,372.65,205.28,21.45,0
-326,518.86,470.3,465.78,375.89,206.35,20.96,0
-327,528.94,478.67,472.83,380.82,208.37,20.6,0
-328,540.51,488.45,481.36,386.97,211.1,20.35,0
-329,552.75,498.9,490.65,393.81,214.28,20.2,0
-330,564.76,509.23,499.97,400.77,217.59,20.14,0
-331,575.61,518.63,508.56,407.26,220.76,20.14,0
-332,584.47,526.37,515.73,412.73,223.5,20.2,0
-333,590.63,531.81,520.89,416.76,225.58,20.32,0
-334,593.6,534.54,523.66,419.03,226.85,20.47,0
-335,593.17,534.36,523.82,419.38,227.24,20.66,0
-336,589.39,531.31,521.43,417.83,226.73,20.88,0
-337,582.59,525.68,516.73,414.59,225.44,21.14,0
-338,573.34,517.96,510.18,409.98,223.51,21.43,0
-339,562.38,508.8,502.37,404.46,221.18,21.76,0
-340,550.55,498.93,493.98,398.55,218.7,22.14,0
-341,538.72,489.12,485.71,392.79,216.35,22.58,0
-342,527.69,480.08,478.24,387.7,214.39,23.08,0
-343,518.18,472.42,472.14,383.71,213.05,23.67,0
-344,510.7,466.62,467.85,381.18,212.5,24.34,0
-345,505.61,462.95,465.64,380.31,212.84,25.08,0
-346,503.03,461.54,465.6,381.15,214.09,25.91,0
-347,502.88,462.29,467.62,383.6,216.18,26.78,0
-348,504.91,464.94,471.4,387.41,218.95,27.67,0
-349,508.67,469.06,476.5,392.19,222.17,28.54,0
-350,513.61,474.12,482.35,397.45,225.55,29.32,0
-351,519.11,479.54,488.33,402.66,228.77,29.97,0
-352,524.56,484.72,493.8,407.3,231.52,30.43,0
-353,529.4,489.14,498.24,410.92,233.54,30.66,0
-354,533.22,492.42,501.24,413.17,234.62,30.64,0
-355,535.77,494.34,502.58,413.9,234.7,30.35,0
-356,536.99,494.86,502.28,413.12,233.78,29.81,0
-357,537.03,494.15,500.51,411.01,232,29.07,0
-358,536.18,492.51,497.63,407.87,229.54,28.16,0
-359,534.85,490.35,494.1,404.12,226.67,27.16,0
-360,533.48,488.11,490.4,400.2,223.66,26.1,0
-361,532.51,486.22,487.02,396.5,220.76,25.05,0
-362,532.32,485.05,484.34,393.38,218.18,24.04,0
-363,533.16,484.84,482.66,391.08,216.08,23.12,0
-364,535.13,485.72,482.11,389.74,214.54,22.28,0
-365,538.21,487.67,482.69,389.37,213.59,21.56,0
-366,542.21,490.52,484.28,389.87,213.17,20.95,0
-367,546.83,494.02,486.62,391.06,213.21,20.45,0
-368,551.66,497.8,489.4,392.69,213.57,20.05,0
-369,556.26,501.49,492.23,394.47,214.1,19.75,0
-370,560.2,504.68,494.76,396.12,214.65,19.53,0
-371,563.1,507.05,496.66,397.39,215.11,19.39,0
-372,564.68,508.34,497.72,398.1,215.37,19.31,0
-373,564.81,508.45,497.8,398.15,215.39,19.31,0
-374,563.5,507.37,496.92,397.56,215.17,19.36,0
-375,560.93,505.26,495.21,396.41,214.74,19.48,0
-376,557.38,502.38,492.91,394.9,214.22,19.67,0
-377,553.26,499.07,490.34,393.27,213.71,19.93,0
-378,548.98,495.7,487.86,391.79,213.37,20.27,0
-379,544.97,492.66,485.8,390.72,213.31,20.7,0
-380,541.59,490.24,484.46,390.3,213.66,21.21,0
-381,539.09,488.68,484.04,390.67,214.49,21.81,0
-382,537.6,488.08,484.63,391.89,215.83,22.5,0
-383,537.09,488.41,486.19,393.92,217.64,23.27,0
-384,537.41,489.51,488.54,396.62,219.83,24.1,0
-385,538.25,491.11,491.38,399.72,222.26,24.97,0
-386,539.25,492.84,494.35,402.91,224.73,25.84,0
-387,539.98,494.31,497.02,405.83,227.02,26.67,0
-388,540.05,495.14,498.97,408.13,228.94,27.44,0
-389,539.14,495.01,499.85,409.5,230.28,28.1,0
-390,537.04,493.71,499.44,409.74,230.93,28.63,0
-391,533.72,491.21,497.68,408.77,230.82,28.99,0
-392,529.34,487.61,494.65,406.67,229.98,29.19,0
-393,524.2,483.2,490.63,403.65,228.53,29.23,0
-394,518.77,478.39,486.02,400.04,226.64,29.13,0
-395,513.57,473.68,481.33,396.25,224.55,28.91,0
-396,509.16,469.56,477.08,392.7,222.5,28.61,0
-397,506.06,466.52,473.75,389.8,220.72,28.26,0
-398,504.67,464.94,471.74,387.89,219.4,27.89,0
-399,505.26,465.08,471.3,387.17,218.67,27.51,0
-400,507.93,467.02,472.54,387.73,218.58,27.15,0
-401,512.58,470.69,475.38,389.51,219.09,26.78,0
-402,518.93,475.82,479.57,392.3,220.1,26.42,0
-403,526.54,482.03,484.71,395.81,221.44,26.04,0
-404,534.84,488.81,490.31,399.62,222.89,25.63,0
-405,543.21,495.6,495.83,403.3,224.23,25.16,0
-406,551,501.82,500.73,406.45,225.23,24.65,0
-407,557.63,506.99,504.53,408.69,225.72,24.07,0
-408,562.66,510.71,506.91,409.78,225.58,23.43,0
-409,565.81,512.76,507.66,409.59,224.75,22.75,0
-410,566.99,513.08,506.78,408.13,223.28,22.05,0
-411,566.32,511.81,504.43,405.56,221.27,21.36,0
-412,564.1,509.22,500.93,402.15,218.88,20.69,0
-413,560.75,505.72,496.69,398.25,216.32,20.09,0
-414,556.78,501.77,492.19,394.25,213.8,19.58,0
-415,552.7,497.83,487.89,390.53,211.54,19.18,0
-416,548.98,494.34,484.23,387.45,209.74,18.91,0
-417,546.02,491.64,481.54,385.27,208.53,18.78,0
-418,544.05,489.96,480.05,384.17,208.02,18.8,0
-419,543.19,489.39,479.84,384.23,208.25,18.98,0
-420,543.39,489.9,480.89,385.41,209.19,19.31,0
-421,544.46,491.3,483,387.56,210.77,19.79,0
-422,546.08,493.32,485.9,390.46,212.86,20.4,0
-423,547.88,495.6,489.22,393.8,215.28,21.12,0
-424,549.42,497.75,492.55,397.24,217.84,21.94,0
-425,550.3,499.38,495.49,400.45,220.34,22.81,0
-426,550.17,500.16,497.67,403.09,222.59,23.7,0
-427,548.81,499.86,498.83,404.94,224.42,24.58,0
-428,546.13,498.38,498.8,405.84,225.74,25.42,0
-429,542.22,495.77,497.6,405.75,226.49,26.19,0
-430,537.32,492.2,495.35,404.77,226.69,26.86,0
-431,531.81,487.98,492.33,403.07,226.43,27.43,0
-432,526.13,483.53,488.9,400.94,225.84,27.88,0
-433,520.8,479.26,485.48,398.69,225.07,28.23,0
-434,516.3,475.6,482.46,396.65,224.31,28.47,0
-435,513.03,472.92,480.21,395.1,223.7,28.63,0
-436,511.3,471.5,479,394.26,223.36,28.7,0
-437,511.25,471.46,478.97,394.23,223.35,28.7,0
-438,512.89,472.81,480.12,395.03,223.67,28.63,0
-439,516.07,475.41,482.3,396.54,224.27,28.48,0
-440,520.47,478.99,485.27,398.56,225.03,28.25,0
-441,525.68,483.18,488.65,400.79,225.81,27.93,0
-442,531.23,487.56,492.05,402.93,226.43,27.5,0
-443,536.62,491.69,495.05,404.66,226.75,26.97,0
-444,541.37,495.18,497.3,405.69,226.62,26.34,0
-445,545.11,497.71,498.52,405.85,225.96,25.63,0
-446,547.6,499.09,498.54,405.02,224.75,24.85,0
-447,548.72,499.25,497.38,403.24,223.02,24.04,0
-448,548.55,498.27,495.15,400.64,220.87,23.21,0
-449,547.29,496.38,492.1,397.45,218.46,22.42,0
-450,545.27,493.89,488.59,393.96,215.96,21.68,0
-451,542.89,491.19,485.02,390.52,213.57,21.03,0
-452,540.61,488.67,481.8,387.47,211.5,20.49,0
-453,538.84,486.73,479.34,385.14,209.92,20.09,0
-454,537.94,485.69,477.94,383.79,208.97,19.83,0
-455,538.16,485.78,477.84,383.59,208.77,19.72,0
-456,539.63,487.11,479.16,384.65,209.34,19.78,0
-457,542.32,489.66,481.85,386.93,210.69,19.99,0
-458,546.06,493.26,485.76,390.3,212.73,20.36,0
-459,550.53,497.62,490.6,394.52,215.33,20.85,0
-460,555.27,502.33,495.93,399.24,218.29,21.45,0
-461,559.76,506.9,501.27,404.06,221.39,22.14,0
-462,563.41,510.8,506.07,408.52,224.36,22.87,0
-463,565.69,513.51,509.78,412.16,226.94,23.61,0
-464,566.12,514.6,511.94,414.59,228.88,24.32,0
-465,564.4,513.75,512.2,415.49,230,24.97,0
-466,560.41,510.83,510.38,414.7,230.18,25.5,0
-467,554.27,505.93,506.52,412.23,229.39,25.92,0
-468,546.32,499.32,500.88,408.24,227.72,26.19,0
-469,537.11,491.49,493.89,403.09,225.33,26.34,0
-470,527.35,483.07,486.17,397.26,222.49,26.37,0
-471,517.83,474.76,478.42,391.32,219.5,26.31,0
-472,509.35,467.31,471.37,385.85,216.7,26.2,0
-473,502.65,461.39,465.72,381.42,214.39,26.08,0
-474,498.35,457.56,462.02,378.5,212.84,25.97,0
-475,496.88,456.22,460.69,377.43,212.25,25.91,0
-476,498.45,457.58,461.95,378.38,212.72,25.91,0
-477,503.04,461.62,465.77,381.35,214.25,25.97,0
-478,510.38,468.08,471.91,386.12,216.71,26.08,0
-479,519.95,476.51,479.89,392.34,219.91,26.22,0
-480,531.03,486.23,489.06,399.44,223.54,26.35,0
-481,542.71,496.44,498.61,406.79,227.25,26.44,0
-482,554.03,506.25,507.66,413.67,230.65,26.45,0
-483,563.99,514.78,515.36,419.4,233.36,26.35,0
-484,571.72,521.24,520.93,423.37,235.07,26.12,0
-485,576.54,525.04,523.82,425.15,235.55,25.74,0
-486,578.04,525.83,523.72,424.51,234.7,25.23,0
-487,576.18,523.58,520.63,421.47,232.54,24.6,0
-488,571.22,518.57,514.85,416.29,229.24,23.88,0
-489,563.73,511.31,506.93,409.44,225.07,23.11,0
-490,554.53,502.58,497.64,401.54,220.37,22.34,0
-491,544.58,493.22,487.85,393.31,215.56,21.6,0
-492,534.86,484.15,478.45,385.47,211.02,20.95,0
-493,526.3,476.21,470.28,378.68,207.13,20.42,0
-494,519.69,470.1,464.03,373.52,204.19,20.03,0
-495,515.62,466.36,460.24,370.4,202.42,19.81,0
-496,514.45,465.29,459.19,369.56,201.97,19.77,0
-497,516.24,466.98,460.98,371.07,202.86,19.91,0
-498,520.81,471.26,465.43,374.79,205.02,20.23,0
-499,527.73,477.73,472.16,380.43,208.29,20.7,0
-500,536.34,485.8,480.58,387.5,212.41,21.32,0
-501,545.79,494.72,489.96,395.41,217.07,22.05,0
-502,555.14,503.62,499.44,403.48,221.87,22.85,0
-503,563.44,511.63,508.15,411,226.43,23.67,0
-504,569.8,517.95,515.27,417.29,230.37,24.48,0
-505,573.52,521.92,520.14,421.81,233.38,25.24,0
-506,574.16,523.13,522.31,424.17,235.23,25.89,0
-507,571.6,521.44,521.61,424.22,235.81,26.43,0
-508,566.02,517.01,518.15,422.03,235.14,26.82,0
-509,557.93,510.26,512.34,417.89,233.37,27.08,0
-510,548.05,501.83,504.77,412.29,230.75,27.21,0
-511,537.26,492.52,496.22,405.82,227.59,27.23,0
-512,526.48,483.13,487.48,399.13,224.24,27.19,0
-513,516.57,474.46,479.35,392.86,221.06,27.1,0
-514,508.28,467.19,472.48,387.53,218.34,27,0
-515,502.17,461.81,467.39,383.58,216.31,26.92,0
-516,498.58,458.65,464.39,381.24,215.1,26.87,0
-517,497.62,457.8,463.58,380.6,214.77,26.85,0
-518,499.22,459.19,464.86,381.58,215.25,26.85,0
-519,503.07,462.53,467.96,383.95,216.43,26.86,0
-520,508.74,467.43,472.47,387.36,218.1,26.85,0
-521,515.69,473.39,477.88,391.41,220.03,26.79,0
-522,523.34,479.88,483.66,395.66,221.99,26.65,0
-523,531.12,486.38,489.31,399.7,223.74,26.42,0
-524,538.53,492.46,494.38,403.19,225.11,26.08,0
-525,545.17,497.77,498.57,405.89,225.98,25.63,0
-526,550.79,502.09,501.68,407.66,226.29,25.09,0
-527,555.27,505.35,503.69,408.5,226.05,24.47,0
-528,558.62,507.58,504.65,408.48,225.34,23.8,0
-529,560.94,508.9,504.72,407.77,224.25,23.11,0
-530,562.41,509.49,504.12,406.54,222.92,22.43,0
-531,563.21,509.53,503.06,405.01,221.46,21.78,0
-532,563.49,509.18,501.74,403.33,220,21.19,0
-533,563.38,508.57,500.29,401.64,218.61,20.67,0
-534,562.92,507.75,498.8,400.01,217.34,20.24,0
-535,562.12,506.72,497.28,398.47,216.22,19.91,0
-536,560.9,505.43,495.69,397,215.24,19.67,0
-537,559.18,503.8,493.97,395.54,214.38,19.54,0
-538,556.87,501.77,492.05,394.05,213.61,19.5,0
-539,553.91,499.26,489.86,392.46,212.9,19.56,0
-540,550.29,496.27,487.39,390.77,212.24,19.7,0
-541,546.11,492.88,484.7,389.02,211.65,19.94,0
-542,541.52,489.23,481.91,387.28,211.15,20.26,0
-543,536.77,485.52,479.22,385.71,210.83,20.66,0
-544,532.19,482.04,476.86,384.49,210.76,21.15,0
-545,528.12,479.1,475.11,383.82,211.05,21.73,0
-546,524.91,476.98,474.26,383.92,211.81,22.39,0
-547,522.87,475.96,474.55,384.96,213.11,23.14,0
-548,522.22,476.23,476.13,387.08,215.02,23.98,0
-549,523.06,477.86,479.07,390.29,217.54,24.88,0
-550,525.34,480.81,483.28,394.52,220.61,25.85,0
-551,528.88,484.86,488.55,399.57,224.11,26.84,0
-552,533.3,489.67,494.49,405.12,227.84,27.82,0
-553,538.12,494.77,500.6,410.74,231.54,28.75,0
-554,542.75,499.6,506.29,415.92,234.92,29.56,0
-555,546.59,503.57,510.93,420.12,237.64,30.21,0
-556,549.05,506.13,513.94,422.86,239.42,30.64,0
-557,549.66,506.84,514.87,423.74,240.03,30.82,0
-558,548.16,505.44,513.43,422.55,239.35,30.72,0
-559,544.49,501.89,509.59,419.25,237.35,30.35,0
-560,538.86,496.4,503.59,414.04,234.16,29.73,0
-561,531.73,489.4,495.89,407.33,230.03,28.91,0
-562,523.74,481.52,487.15,399.68,225.28,27.95,0
-563,515.66,473.48,478.15,391.75,220.32,26.91,0
-564,508.33,466.08,469.72,384.23,215.56,25.86,0
-565,502.54,460.07,462.63,377.79,211.36,24.86,0
-566,498.99,456.09,457.57,372.98,208.07,23.96,0
-567,498.22,454.66,455.04,370.23,205.93,23.19,0
-568,500.56,456.08,455.36,369.8,205.08,22.57,0
-569,506.12,460.43,458.63,371.78,205.57,22.12,0
-570,514.73,467.59,464.72,376.06,207.35,21.82,0
-571,526,477.19,473.25,382.34,210.26,21.66,0
-572,539.26,488.63,483.67,390.17,214.04,21.62,0
-573,553.65,501.14,495.2,398.94,218.38,21.67,0
-574,568.14,513.8,506.96,407.94,222.89,21.77,0
-575,581.62,525.6,517.97,416.41,227.16,21.9,0
-576,592.96,535.55,527.28,423.59,230.8,22.03,0
-577,601.2,542.77,534.05,428.8,233.45,22.12,0
-578,605.56,546.6,537.62,431.55,234.84,22.17,0
-579,605.62,546.62,537.6,431.51,234.79,22.14,0
-580,601.3,542.79,533.94,428.64,233.3,22.05,0
-581,592.92,535.38,526.91,423.15,230.45,21.9,0
-582,581.17,525.01,517.08,415.5,226.49,21.7,0
-583,567.01,512.52,505.27,406.32,221.76,21.47,0
-584,551.59,498.94,492.47,396.39,216.67,21.24,0
-585,536.13,485.36,479.73,386.56,211.67,21.06,0
-586,521.8,472.84,468.09,377.63,207.19,20.95,0
-587,509.67,462.33,458.46,370.34,203.62,20.95,0
-588,500.57,454.59,451.58,365.3,201.3,21.09,0
-589,495.09,450.15,448.01,362.93,200.46,21.39,0
-590,493.56,449.31,448.02,363.47,201.24,21.87,0
-591,495.99,452.08,451.63,366.94,203.64,22.54,0
-592,502.09,458.2,458.6,373.14,207.56,23.38,0
-593,511.3,467.17,468.41,381.64,212.76,24.37,0
-594,522.79,478.21,480.28,391.82,218.88,25.46,0
-595,535.5,490.34,493.23,402.86,225.48,26.59,0
-596,548.23,502.48,506.12,413.83,232,27.7,0
-597,559.76,513.46,517.78,423.74,237.9,28.69,0
-598,568.94,522.22,527.1,431.68,242.64,29.5,0
-599,574.82,527.87,533.18,436.89,245.77,30.06,0
-600,576.79,529.85,535.4,438.86,247,30.33,0
-601,574.67,527.95,533.57,437.41,246.23,30.27,0
-602,568.67,522.39,527.89,432.71,243.55,29.91,0
-603,559.43,513.76,518.96,425.26,239.25,29.28,0
-604,547.9,502.94,507.69,415.81,233.74,28.44,0
-605,535.23,490.99,495.18,405.28,227.57,27.47,0
-606,522.64,479.07,482.6,394.64,221.28,26.45,0
-607,511.31,468.24,471.06,384.8,215.41,25.44,0
-608,502.23,459.46,461.52,376.57,210.41,24.51,0
-609,496.2,453.43,454.71,370.54,206.62,23.71,0
-610,493.7,450.62,451.11,367.11,204.26,23.06,0
-611,494.95,451.22,450.9,366.42,203.42,22.58,0
-612,499.86,455.15,454.01,368.43,204.08,22.26,0
-613,508.05,462.07,460.09,372.85,206.07,22.09,0
-614,518.88,471.41,468.59,379.24,209.15,22.05,0
-615,531.51,482.4,478.76,387,213,22.1,0
-616,544.94,494.15,489.71,395.41,217.24,22.21,0
-617,558.09,505.68,500.52,403.75,221.48,22.36,0
-618,569.92,516.07,510.28,411.29,225.32,22.51,0
-619,579.48,524.48,518.19,417.42,228.45,22.63,0
-620,586.08,530.28,523.66,421.65,230.62,22.72,0
-621,589.28,533.1,526.31,423.7,231.67,22.77,0
-622,588.99,532.85,526.07,423.52,231.58,22.77,0
-623,585.41,529.7,523.13,421.25,230.42,22.72,0
-624,579.03,524.12,517.91,417.23,228.39,22.66,0
-625,570.55,516.7,511,411.93,225.72,22.59,0
-626,560.79,508.19,503.11,405.9,222.71,22.53,0
-627,550.57,499.32,494.95,399.7,219.66,22.51,0
-628,540.7,490.8,487.19,393.88,216.85,22.54,0
-629,531.82,483.22,480.41,388.86,214.5,22.65,0
-630,524.44,477.02,475.02,384.98,212.79,22.83,0
-631,518.87,472.46,471.27,382.44,211.83,23.1,0
-632,515.23,469.66,469.25,381.29,211.63,23.45,0
-633,513.46,468.54,468.89,381.48,212.16,23.87,0
-634,513.38,468.94,470,382.83,213.31,24.34,0
-635,514.67,470.56,472.27,385.08,214.94,24.84,0
-636,516.99,473.06,475.35,387.95,216.86,25.34,0
-637,519.96,476.1,478.87,391.12,218.89,25.8,0
-638,523.25,479.36,482.51,394.32,220.88,26.21,0
-639,526.59,482.58,485.98,397.31,222.69,26.54,0
-640,529.79,485.58,489.11,399.93,224.22,26.77,0
-641,532.76,488.28,491.81,402.12,225.43,26.9,0
-642,535.49,490.68,494.07,403.86,226.32,26.93,0
-643,538.04,492.83,495.94,405.22,226.92,26.87,0
-644,540.49,494.79,497.52,406.26,227.28,26.72,0
-645,542.9,496.66,498.9,407.07,227.45,26.49,0
-646,545.29,498.45,500.11,407.69,227.47,26.22,0
-647,547.64,500.16,501.18,408.14,227.35,25.89,0
-648,549.84,501.7,502.02,408.39,227.1,25.53,0
-649,551.72,502.93,502.52,408.34,226.66,25.13,0
-650,553.05,503.67,502.53,407.88,226,24.71,0
-651,553.61,503.71,501.85,406.89,225.05,24.27,0
-652,553.19,502.89,500.36,405.25,223.77,23.81,0
-653,551.66,501.1,497.96,402.92,222.13,23.35,0
-654,548.99,498.32,494.64,399.89,220.15,22.88,0
-655,545.28,494.66,490.53,396.27,217.89,22.43,0
-656,540.77,490.32,485.86,392.25,215.47,22,0
-657,535.8,485.65,480.94,388.11,213.04,21.62,0
-658,530.85,481.04,476.21,384.18,210.78,21.31,0
-659,526.41,476.97,472.1,380.82,208.89,21.09,0
-660,523,473.9,469.08,378.39,207.58,20.96,0
-661,521.07,472.22,467.54,377.23,207,20.96,0
-662,520.97,472.26,467.79,377.56,207.31,21.09,0
-663,522.89,474.19,470,379.54,208.56,21.36,0
-664,526.86,478.03,474.19,383.15,210.76,21.76,0
-665,532.67,483.59,480.16,388.27,213.83,22.29,0
-666,539.93,490.52,487.56,394.58,217.6,22.93,0
-667,548.04,498.26,495.84,401.64,221.82,23.64,0
-668,556.25,506.13,504.29,408.89,226.17,24.4,0
-669,563.71,513.35,512.14,415.67,230.29,25.16,0
-670,569.58,519.13,518.59,421.33,233.8,25.87,0
-671,573.09,522.78,522.91,425.26,236.37,26.47,0
-672,573.67,523.75,524.53,426.99,237.7,26.93,0
-673,571.03,521.75,523.15,426.26,237.64,27.23,0
-674,565.18,516.79,518.75,423.03,236.16,27.33,0
-675,556.5,509.2,511.62,417.53,233.37,27.25,0
-676,545.66,499.56,502.37,410.25,229.54,27.01,0
-677,533.57,488.72,491.81,401.84,225.03,26.64,0
-678,521.26,477.63,480.89,393.08,220.26,26.2,0
-679,509.83,467.26,470.62,384.78,215.7,25.74,0
-680,500.27,458.55,461.91,377.71,211.78,25.3,0
-681,493.43,452.27,455.57,372.51,208.85,24.94,0
-682,489.94,448.99,452.16,369.65,207.19,24.69,0
-683,490.15,449.05,452.02,369.41,206.94,24.57,0
-684,494.12,452.49,455.2,371.83,208.14,24.57,0
-685,501.63,459.11,461.49,376.74,210.67,24.69,0
-686,512.15,468.43,470.4,383.72,214.32,24.89,0
-687,524.91,479.73,481.2,392.19,218.75,25.15,0
-688,538.89,492.09,492.98,401.4,223.53,25.4,0
-689,552.97,504.49,504.7,410.51,228.22,25.6,0
-690,565.96,515.84,515.31,418.66,232.33,25.71,0
-691,576.76,525.16,523.83,425.09,235.45,25.68,0
-692,584.46,531.65,529.49,429.16,237.25,25.49,0
-693,588.47,534.77,531.78,430.51,237.54,25.14,0
-694,588.53,534.32,530.53,429.01,236.27,24.63,0
-695,584.8,530.45,525.95,424.83,233.55,24,0
-696,577.78,523.65,518.52,418.4,229.63,23.28,0
-697,568.27,514.66,509.01,410.34,224.87,22.52,0
-698,557.27,504.37,498.32,401.41,219.69,21.76,0
-699,545.84,493.77,487.44,392.38,214.52,21.06,0
-700,535.03,483.81,477.31,384.04,209.79,20.46,0
-701,525.76,475.32,468.74,377.03,205.86,19.99,0
-702,518.78,468.96,462.4,371.89,203.01,19.69,0
-703,514.57,465.19,458.73,368.97,201.45,19.56,0
-704,513.39,464.22,457.95,368.45,201.26,19.62,0
-705,515.21,466.05,460.05,370.32,202.44,19.87,0
-706,519.77,470.43,464.79,374.39,204.9,20.3,0
-707,526.55,476.9,471.72,380.31,208.44,20.9,0
-708,534.85,484.83,480.21,387.57,212.79,21.64,0
-709,543.82,493.45,489.51,395.56,217.6,22.48,0
-710,552.55,501.92,498.78,403.59,222.51,23.39,0
-711,560.11,509.4,507.16,410.97,227.11,24.32,0
-712,565.71,515.14,513.89,417.06,231.04,25.22,0
-713,568.7,518.55,518.34,421.33,233.99,26.04,0
-714,568.74,519.29,520.12,423.44,235.75,26.74,0
-715,565.76,517.25,519.11,423.25,236.23,27.29,0
-716,560.01,512.65,515.45,420.88,235.45,27.67,0
-717,552.01,505.93,509.57,416.64,233.57,27.87,0
-718,542.5,497.75,502.11,411.02,230.85,27.93,0
-719,532.35,488.88,493.81,404.64,227.63,27.85,0
-720,522.46,480.15,485.49,398.14,224.26,27.69,0
-721,513.67,472.32,477.93,392.16,221.09,27.47,0
-722,506.7,466.05,471.77,387.23,218.42,27.23,0
-723,502.06,461.81,467.52,383.77,216.49,27.01,0
-724,500.06,459.89,465.46,382.01,215.43,26.82,0
-725,500.78,460.36,465.67,382.01,215.28,26.67,0
-726,504.05,463.07,468,383.66,215.98,26.55,0
-727,509.5,467.69,472.12,386.68,217.37,26.45,0
-728,516.6,473.74,477.53,390.68,219.23,26.35,0
-729,524.68,480.6,483.65,395.18,221.31,26.21,0
-730,533.02,487.63,489.83,399.67,223.32,26.02,0
-731,540.92,494.2,495.47,403.66,225.01,25.75,0
-732,547.76,499.77,500.03,406.74,226.15,25.39,0
-733,553.06,503.92,503.15,408.63,226.62,24.96,0
-734,556.55,506.43,504.63,409.18,226.35,24.44,0
-735,558.17,507.26,504.46,408.42,225.37,23.87,0
-736,558.07,506.56,502.83,406.51,223.8,23.26,0
-737,556.57,504.66,500.08,403.75,221.8,22.66,0
-738,554.12,501.96,496.65,400.5,219.59,22.08,0
-739,551.23,498.94,493.01,397.16,217.39,21.56,0
-740,548.42,496.07,489.63,394.1,215.42,21.12,0
-741,546.13,493.74,486.92,391.67,213.86,20.78,0
-742,544.68,492.25,485.17,390.08,212.83,20.55,0
-743,544.26,491.77,484.54,389.47,212.42,20.44,0
-744,544.88,492.32,485.05,389.86,212.61,20.44,0
-745,546.41,493.75,486.55,391.13,213.35,20.55,0
-746,548.56,495.83,488.81,393.07,214.53,20.76,0
-747,550.94,498.18,491.45,395.4,215.98,21.05,0
-748,553.12,500.41,494.08,397.78,217.52,21.4,0
-749,554.64,502.11,496.28,399.88,218.96,21.78,0
-750,555.12,502.92,497.69,401.39,220.12,22.17,0
-751,554.3,502.6,498.04,402.09,220.88,22.56,0
-752,552.07,501.03,497.2,401.87,221.17,22.93,0
-753,548.49,498.27,495.21,400.74,220.97,23.26,0
-754,543.82,494.52,492.26,398.84,220.35,23.56,0
-755,538.45,490.14,488.68,396.42,219.45,23.83,0
-756,532.89,485.57,484.89,393.83,218.45,24.08,0
-757,527.67,481.31,481.37,391.44,217.54,24.34,0
-758,523.32,477.82,478.58,389.62,216.92,24.6,0
-759,520.29,475.49,476.92,388.68,216.77,24.91,0
-760,518.88,474.61,476.64,388.84,217.2,25.25,0
-761,519.22,475.3,477.88,390.2,218.27,25.64,0
-762,521.26,477.5,480.57,392.7,219.94,26.07,0
-763,524.75,480.97,484.47,396.14,222.1,26.52,0
-764,529.27,485.33,489.2,400.21,224.56,26.97,0
-765,534.26,490.07,494.21,404.46,227.08,27.39,0
-766,539.09,494.61,498.93,408.42,229.39,27.74,0
-767,543.16,498.37,502.78,411.6,231.2,27.99,0
-768,545.9,500.86,505.23,413.57,232.28,28.09,0
-769,546.94,501.7,505.94,414.06,232.47,28.04,0
-770,546.08,500.75,504.73,412.92,231.69,27.83,0
-771,543.41,498.07,501.7,410.22,229.99,27.46,0
-772,539.21,493.93,497.11,406.21,227.51,26.96,0
-773,533.99,488.82,491.48,401.3,224.48,26.37,0
-774,528.4,483.32,485.4,395.99,221.2,25.72,0
-775,523.13,478.1,479.55,390.83,217.98,25.05,0
-776,518.87,473.77,474.57,386.37,215.13,24.42,0
-777,516.21,470.9,471.02,383.06,212.91,23.85,0
-778,515.58,469.87,469.29,381.22,211.5,23.36,0
-779,517.21,470.9,469.62,381.05,211.01,22.97,0
-780,521.11,473.99,472.01,382.55,211.45,22.69,0
-781,527.04,478.94,476.26,385.56,212.74,22.51,0
-782,534.56,485.35,481.98,389.78,214.7,22.41,0
-783,543.04,492.67,488.63,394.78,217.11,22.38,0
-784,551.74,500.21,495.55,400.02,219.68,22.39,0
-785,559.85,507.25,502.05,404.96,222.13,22.41,0
-786,566.6,513.13,507.46,409.08,224.16,22.43,0
-787,571.36,517.25,511.24,411.94,225.56,22.44,0
-788,573.66,519.22,513,413.24,226.17,22.41,0
-789,573.32,518.87,512.58,412.86,225.92,22.35,0
-790,570.41,516.27,510.07,410.86,224.86,22.27,0
-791,565.28,511.73,505.75,407.49,223.11,22.18,0
-792,558.49,505.75,500.12,403.13,220.87,22.08,0
-793,550.72,498.96,493.79,398.27,218.43,22.02,0
-794,542.77,492.05,487.43,393.43,216.04,22,0
-795,535.36,485.68,481.68,389.14,214,22.05,0
-796,529.14,480.43,477.1,385.84,212.53,22.19,0
-797,524.6,476.74,474.11,383.84,211.81,22.43,0
-798,522.02,474.86,472.95,383.36,211.94,22.78,0
-799,521.48,474.85,473.67,384.4,212.93,23.23,0
-800,522.82,476.56,476.11,386.85,214.7,23.78,0
-801,525.7,479.66,479.94,390.42,217.09,24.39,0
-802,529.62,483.7,484.67,394.7,219.86,25.03,0
-803,533.97,488.1,489.72,399.22,222.74,25.67,0
-804,538.12,492.27,494.48,403.45,225.42,26.25,0
-805,541.47,495.66,498.35,406.91,227.62,26.74,0
-806,543.56,497.83,500.9,409.22,229.12,27.09,0
-807,544.1,498.49,501.81,410.12,229.76,27.29,0
-808,543.02,497.58,501.02,409.55,229.51,27.31,0
-809,540.48,495.25,498.66,407.62,228.42,27.18,0
-810,536.84,491.83,495.08,404.61,226.66,26.91,0
-811,532.62,487.79,490.77,400.93,224.46,26.53,0
-812,528.41,483.69,486.29,397.04,222.09,26.07,0
-813,524.81,480.09,482.23,393.45,219.82,25.59,0
-814,522.36,477.5,479.1,390.57,217.92,25.12,0
-815,521.46,476.29,477.31,388.74,216.57,24.69,0
-816,522.36,476.69,477.09,388.17,215.91,24.31,0
-817,525.08,478.75,478.5,388.91,215.96,24.01,0
-818,529.46,482.31,481.41,390.87,216.68,23.78,0
-819,535.14,487.06,485.51,393.79,217.94,23.62,0
-820,541.6,492.54,490.36,397.34,219.56,23.51,0
-821,548.2,498.18,495.41,401.08,221.31,23.43,0
-822,554.27,503.38,500.08,404.54,222.94,23.36,0
-823,559.16,507.55,503.8,407.28,224.22,23.3,0
-824,562.33,510.21,506.1,408.94,224.94,23.22,0
-825,563.39,511.03,506.68,409.26,224.98,23.12,0
-826,562.2,509.86,505.39,408.14,224.29,22.98,0
-827,558.83,506.79,502.32,405.64,222.91,22.83,0
-828,553.62,502.11,497.75,402,220.94,22.66,0
-829,547.07,496.28,492.14,397.56,218.6,22.5,0
-830,539.86,489.89,486.05,392.81,216.13,22.36,0
-831,532.71,483.61,480.14,388.23,213.79,22.27,0
-832,526.34,478.07,475.03,384.34,211.86,22.25,0
-833,521.41,473.87,471.28,381.57,210.58,22.31,0
-834,518.41,471.44,469.33,380.29,210.13,22.49,0
-835,517.66,471.08,469.47,380.71,210.64,22.77,0
-836,519.27,472.87,471.76,382.89,212.12,23.17,0
-837,523.11,476.7,476.09,386.72,214.53,23.68,0
-838,528.83,482.24,482.12,391.93,217.7,24.26,0
-839,535.87,488.98,489.32,398.09,221.39,24.9,0
-840,543.51,496.24,497.04,404.64,225.28,25.55,0
-841,550.92,503.28,504.48,410.95,229.02,26.17,0
-842,557.28,509.31,510.87,416.37,232.23,26.7,0
-843,561.8,513.63,515.49,420.31,234.59,27.1,0
-844,563.89,515.68,517.75,422.29,235.81,27.34,0
-845,563.19,515.14,517.33,422.03,235.74,27.4,0
-846,559.64,511.93,514.17,419.49,234.35,27.27,0
-847,553.5,506.3,508.5,414.85,231.75,26.96,0
-848,545.3,498.74,500.83,408.54,228.18,26.5,0
-849,535.82,489.97,491.87,401.13,223.96,25.94,0
-850,525.96,480.82,482.48,393.35,219.5,25.32,0
-851,516.7,472.18,473.55,385.91,215.2,24.7,0
-852,508.94,464.89,465.94,379.52,211.47,24.13,0
-853,503.48,459.68,460.38,374.78,208.64,23.65,0
-854,500.91,457.08,457.42,372.13,206.96,23.28,0
-855,501.58,457.43,457.37,371.85,206.58,23.05,0
-856,505.58,460.81,460.32,373.99,207.53,22.96,0
-857,512.73,467.04,466.11,378.41,209.74,23,0
-858,522.57,475.7,474.3,384.77,213.02,23.14,0
-859,534.38,486.14,484.25,392.55,217.06,23.36,0
-860,547.22,497.52,495.11,401.06,221.5,23.62,0
-861,560.03,508.87,505.94,409.54,225.93,23.87,0
-862,571.69,519.17,515.73,417.19,229.89,24.08,0
-863,581.14,527.48,523.56,423.25,232.99,24.2,0
-864,587.49,533,528.65,427.11,234.9,24.22,0
-865,590.16,535.2,530.48,428.38,235.41,24.11,0
-866,588.89,533.87,528.88,426.91,234.43,23.88,0
-867,583.84,529.16,523.99,422.82,232.07,23.53,0
-868,575.52,521.52,516.28,416.51,228.52,23.11,0
-869,564.75,511.72,506.51,408.58,224.13,22.63,0
-870,552.55,500.67,495.59,399.78,219.31,22.15,0
-871,540.03,489.39,484.51,390.91,214.5,21.71,0
-872,528.3,478.87,474.27,382.75,210.12,21.35,0
-873,518.31,469.98,465.72,376.01,206.56,21.1,0
-874,510.85,463.42,459.56,371.25,204.13,21.01,0
-875,506.42,459.66,456.24,368.83,203.03,21.09,0
-876,505.27,458.93,456,368.94,203.37,21.35,0
-877,507.36,461.18,458.8,371.56,205.13,21.8,0
-878,512.35,466.13,464.36,376.45,208.18,22.42,0
-879,519.69,473.25,472.14,383.19,212.3,23.19,0
-880,528.56,481.82,481.43,391.2,217.15,24.08,0
-881,538.04,490.99,491.37,399.77,222.35,25.03,0
-882,547.14,499.82,501.02,408.13,227.45,25.99,0
-883,554.89,507.44,509.46,415.51,232.02,26.9,0
-884,560.47,513.08,515.9,421.26,235.66,27.7,0
-885,563.32,516.19,519.75,424.87,238.09,28.34,0
-886,563.17,516.49,520.71,426.06,239.13,28.78,0
-887,560.07,514.03,518.78,424.83,238.74,29,0
-888,554.42,509.14,514.27,421.4,237.06,29,0
-889,546.86,502.4,507.75,416.25,234.32,28.81,0
-890,538.21,494.56,499.97,409.95,230.86,28.45,0
-891,529.37,486.43,491.74,403.2,227.05,27.98,0
-892,521.2,478.8,483.87,396.64,223.27,27.43,0
-893,514.42,472.36,477.05,390.86,219.84,26.86,0
-894,509.61,467.63,471.82,386.28,217.01,26.29,0
-895,507.1,464.92,468.5,383.2,214.95,25.76,0
-896,506.99,464.34,467.21,381.7,213.71,25.27,0
-897,509.18,465.79,467.85,381.71,213.26,24.82,0
-898,513.36,469,470.17,383.03,213.49,24.42,0
-899,519.07,473.56,473.77,385.35,214.23,24.03,0
-900,525.78,479,478.18,388.28,215.29,23.66,0
-901,532.91,484.8,482.91,391.46,216.46,23.29,0
-902,539.91,490.49,487.52,394.53,217.56,22.92,0
-903,546.32,495.66,491.63,397.22,218.47,22.53,0
-904,551.83,500.04,495,399.33,219.08,22.14,0
-905,556.24,503.49,497.52,400.8,219.39,21.77,0
-906,559.54,505.98,499.2,401.66,219.43,21.41,0
-907,561.81,507.63,500.17,402.03,219.26,21.09,0
-908,563.24,508.62,500.62,402.07,218.99,20.83,0
-909,564.07,509.14,500.77,401.97,218.74,20.64,0
-910,564.49,509.41,500.83,401.89,218.59,20.54,0
-911,564.69,509.56,500.96,401.97,218.61,20.53,0
-912,564.72,509.68,501.21,402.26,218.85,20.61,0
-913,564.58,509.73,501.56,402.73,219.27,20.79,0
-914,564.12,509.6,501.89,403.28,219.83,21.05,0
-915,563.15,509.09,502,403.75,220.42,21.39,0
-916,561.42,507.98,501.64,403.92,220.93,21.77,0
-917,558.68,506.03,500.56,403.59,221.22,22.19,0
-918,554.76,503.06,498.56,402.56,221.18,22.62,0
-919,549.56,498.98,495.52,400.74,220.74,23.05,0
-920,543.18,493.85,491.47,398.11,219.88,23.45,0
-921,535.83,487.86,486.55,394.79,218.64,23.81,0
-922,527.93,481.35,481.09,391.02,217.13,24.14,0
-923,520.02,474.79,475.54,387.14,215.53,24.44,0
-924,512.72,468.76,470.44,383.57,214.08,24.73,0
-925,506.68,463.82,466.34,380.77,213,25.02,0
-926,502.5,460.52,463.79,379.18,212.54,25.34,0
-927,500.68,459.31,463.25,379.15,212.9,25.71,0
-928,501.56,460.5,464.99,380.93,214.21,26.14,0
-929,505.23,464.17,469.13,384.6,216.52,26.63,0
-930,511.57,470.21,475.53,390.03,219.75,27.17,0
-931,520.17,478.23,483.81,396.93,223.72,27.75,0
-932,530.39,487.64,493.35,404.77,228.16,28.31,0
-933,541.34,497.63,503.34,412.89,232.67,28.81,0
-934,552.02,507.26,512.83,420.52,236.82,29.2,0
-935,561.35,515.57,520.84,426.84,240.16,29.42,0
-936,568.34,521.63,526.45,431.12,242.28,29.43,0
-937,572.18,524.73,528.96,432.78,242.87,29.2,0
-938,572.37,524.41,527.94,431.5,241.76,28.73,0
-939,568.79,520.61,523.34,427.25,238.95,28.02,0
-940,561.72,513.59,515.48,420.33,234.62,27.13,0
-941,551.86,504.01,505.04,411.3,229.11,26.09,0
-942,540.17,492.78,492.96,400.94,222.88,24.99,0
-943,527.82,480.99,480.36,390.18,216.45,23.88,0
-944,516.06,469.77,468.37,379.95,210.34,22.84,0
-945,506.08,460.2,458.09,371.15,205.05,21.92,0
-946,498.89,453.22,450.45,364.53,201.01,21.16,0
-947,495.3,449.54,446.16,360.65,198.51,20.6,0
-948,495.81,449.63,445.66,359.87,197.75,20.25,0
-949,500.6,453.65,449.1,362.32,198.8,20.11,0
-950,509.54,461.45,456.35,367.88,201.58,20.17,0
-951,522.13,472.59,466.97,376.18,205.9,20.42,0
-952,537.53,486.33,480.21,386.63,211.44,20.81,0
-953,554.62,501.64,495.08,398.45,217.76,21.32,0
-954,572.04,517.3,510.37,410.66,224.35,21.89,0
-955,588.29,531.96,524.78,422.22,230.63,22.48,0
-956,601.89,544.28,536.99,432.07,236.04,23.03,0
-957,611.5,553.08,545.83,439.29,240.08,23.5,0
-958,616.14,557.44,550.42,443.16,242.35,23.85,0
-959,615.24,556.87,550.24,443.26,242.62,24.06,0
-960,608.79,551.34,545.26,439.56,240.87,24.11,0
-961,597.3,541.29,535.9,432.37,237.25,24.01,0
-962,581.74,527.6,523,422.37,232.13,23.8,0
-963,563.45,511.46,507.71,410.46,225.98,23.5,0
-964,543.98,494.26,491.38,397.73,219.39,23.16,0
-965,524.91,477.42,475.41,385.29,212.96,22.84,0
-966,507.7,462.28,461.1,374.18,207.25,22.6,0
-967,493.61,449.96,449.59,365.32,202.78,22.48,0
-968,483.6,441.34,441.74,359.42,199.93,22.53,0
-969,478.3,436.99,438.11,356.94,198.97,22.77,0
-970,477.95,437.15,438.98,358.09,200,23.23,0
-971,482.48,441.74,444.25,362.81,203.01,23.9,0
-972,491.44,450.36,453.52,370.76,207.8,24.76,0
-973,504.06,462.28,466.06,381.34,214.03,25.76,0
-974,519.24,476.51,480.83,393.7,221.21,26.83,0
-975,535.66,491.8,496.59,406.81,228.76,27.91,0
-976,551.84,506.79,511.91,419.48,235.99,28.88,0
-977,566.31,520.11,525.4,430.56,242.25,29.67,0
-978,577.74,530.51,535.79,439,246.92,30.18,0
-979,585.08,537.06,542.11,444,249.57,30.36,0
-980,587.75,539.19,543.82,445.11,249.94,30.19,0
-981,585.63,536.83,540.84,442.3,248.03,29.67,0
-982,579.11,530.37,533.61,435.93,244.05,28.84,0
-983,569.04,520.59,522.95,426.71,238.43,27.78,0
-984,556.56,508.57,510,415.58,231.72,26.58,0
-985,542.99,495.55,496.02,403.6,224.52,25.31,0
-986,529.66,482.77,482.29,391.85,217.46,24.07,0
-987,517.8,471.35,469.97,381.26,211.07,22.93,0
-988,508.42,462.24,460,372.61,205.79,21.94,0
-989,502.25,456.1,453.05,366.47,201.93,21.14,0
-990,499.73,453.32,449.53,363.14,199.67,20.55,0
-991,500.97,454.02,449.54,362.72,199.05,20.17,0
-992,505.79,458.02,452.92,365.08,200.02,19.99,0
-993,513.74,464.92,459.27,369.9,202.4,20.01,0
-994,524.1,474.09,467.98,376.7,205.93,20.2,0
-995,536,484.72,478.27,384.85,210.27,20.54,0
-996,548.4,495.91,489.25,393.65,215.05,20.98,0
-997,560.27,506.7,500,402.37,219.87,21.5,0
-998,570.58,516.2,509.64,410.3,224.35,22.06,0
-999,578.51,523.64,517.42,416.83,228.16,22.63,0
-1000,583.43,528.46,522.77,421.5,231.05,23.19,0